Feature,Coeficiente
acusticidad,0.1334333607944701
energia,0.06025005356650463
seguidores,0.02309236511226687
valencia,0.00395530728452708
bailabilidad,-0.020239138210233185
volumen_db,-0.13373339359324896
tempo,-0.14283623335777004
